{"data":{"jobs":{"edges":[{"node":{"frontmatter":{"title":"Senior Information Technology System Engineer","company":"Infineon Technologies","location":"Batam, Indonesia","range":"September 2022 - Present","url":"https://www.infineon.com/"},"html":"<ul>\n<li>Responsible for overall day-to-day network management and operational support for network and passive cabling infrastructure</li>\n<li>Managing critical issues to resolution and adjusting to priority requests to support business requirements</li>\n<li>Install, configure, test and maintain operating systems, application software and system management tools</li>\n<li>Monitor and test application performance for potential bottlenecks, identify possible solutions, and work with developers to implement those fixes</li>\n<li>Maintain security, backup, and redundancy strategies</li>\n<li>Write and maintain custom scripts to increase system efficiency and lower the human intervention time on any tasks</li>\n<li>Participate in the design of information and operational support systems</li>\n<li>Provide 2nd and 3rd level support</li>\n<li>Liaise with vendors and other IT personnel for problem resolution</li>\n</ul>"}},{"node":{"frontmatter":{"title":"Site Reliability Engineer","company":"AIA Singapore","location":"Batam, Indonesia","range":"November 2021 - September 2022","url":"https://www.aia.com.sg/en/index.html/"},"html":"<ul>\n<li>Provide end-to-end support for mission critical applications (mobile/portal) on various tech stack, Java, NodeJS, React, AEM, etc</li>\n<li>Build up the knowledge base &#x26; drive the continuous improvement for production support</li>\n<li>Manage incident responses &#x26; follow up to ensure preventive and detective measures of the applications are identified and implemented</li>\n<li>Write modern, performant, maintainable code for a diverse array of client and internal projects</li>\n<li>Work with a variety of different languages, platforms, frameworks, and content management systems such as JavaScript, ASP Classic, Java, React, SQL Server, Microsoft Azure, JIRA, and Bitbucket</li>\n<li>Communicate with multi-disciplinary teams of engineers, designers, producers, and clients on a daily basis</li>\n</ul>"}},{"node":{"frontmatter":{"title":"Network Engineer","company":"BPKAD Melawi","location":"Kabupaten Melawi","range":"January 2013 - November 2021","url":"https://melawikab.go.id/"},"html":"<ul>\n<li>Maintain, add, change features or calculation formulas according to the need for changes and adjust in applicable laws and policies on regional finance and accounting applications in melawi district</li>\n<li>Installation, supporting, maintain, deployment on 2 local production servers (windows server 2012 R2 &#x26; windows server 2016)</li>\n<li>Optimize, improve, expand, monitoring and upgrade network capabilities and connectivity for internet access and local application access</li>\n<li>Conduct research and provide advice and input regarding the technology that will be selected for implementation in Melawi district that is related to applications, networks and other computer technologies</li>\n</ul>"}},{"node":{"frontmatter":{"title":"System Engineer","company":"Digisoft Bussiness Solutions, Co","location":"Bandar Seri Begawan, Brunei Darussalam","range":"February - December 2012","url":"https://dgsoftsolutions.com/"},"html":"<ul>\n<li>Research, install, apply and conduct a new technology (Biometric) for Brunei Islamic Bank Darussalam ATM Machine Transactions</li>\n<li>Provide needs assessment, system analysis, troubleshooting &#x26; resolutions.</li>\n<li>Created user interface for the introduction of these new technologies.</li>\n</ul>"}},{"node":{"frontmatter":{"title":"Field Service Engineer","company":"Wincor Nixdorf Indonesia","location":"Jakarta, Indonesia","range":"July 2008 - January 2012","url":"https://www.dieboldnixdorf.com/en-us/"},"html":"<ul>\n<li>Perfom onsite ATM machine installation, troubleshooting and scheduling maintenance</li>\n<li>Identified, analysis problems and record the solutions for reference purposes</li>\n<li>Contribute to the development, implementation and execution of installation, troubleshooting and maintenance programs.</li>\n</ul>"}}]}}}