{"polyfill":["/polyfill-c3bb91c3041ca45e63fe.js"],"app":["/app-dc68c59459c1e82f28cc.js"],"component---cache-caches-gatsby-plugin-offline-app-shell-js":["/component---cache-caches-gatsby-plugin-offline-app-shell-js-f9a3c11f351201400749.js"],"component---src-pages-404-js":["/component---src-pages-404-js-c7f3e4c06c1ef4b8d726.js"],"component---src-pages-archive-js":["/component---src-pages-archive-js-a59c152149c442e49226.js"],"component---src-pages-index-js":["/component---src-pages-index-js-4267cd4a38710f08ec1e.js"],"component---src-pages-pensieve-index-js":["/component---src-pages-pensieve-index-js-e6ca6772e78dddc023c7.js"],"component---src-pages-pensieve-tags-js":["/component---src-pages-pensieve-tags-js-dc26405cc8c290881016.js"],"component---src-templates-post-js":["/component---src-templates-post-js-03a87ea9d4e1f02d7902.js"],"component---src-templates-tag-js":["/component---src-templates-tag-js-7c5b50870d778bd73832.js"]}