{"namedChunkGroups":{"polyfill":{"name":"polyfill","assets":[{"name":"webpack-runtime-f6f4318e5d0fe929fcfe.js","size":4237},{"name":"polyfill-c3bb91c3041ca45e63fe.js","size":93457}],"filteredAssets":0,"assetsSize":97694,"filteredAuxiliaryAssets":2,"auxiliaryAssetsSize":269280},"app":{"name":"app","assets":[{"name":"webpack-runtime-f6f4318e5d0fe929fcfe.js","size":4237},{"name":"framework-37c6ab21b32a639475e9.js","size":129923},{"name":"app-dc68c59459c1e82f28cc.js","size":72954}],"filteredAssets":0,"assetsSize":207114,"filteredAuxiliaryAssets":3,"auxiliaryAssetsSize":663024},"component---cache-caches-gatsby-plugin-offline-app-shell-js":{"name":"component---cache-caches-gatsby-plugin-offline-app-shell-js","assets":[{"name":"component---cache-caches-gatsby-plugin-offline-app-shell-js-f9a3c11f351201400749.js","size":517}],"filteredAssets":0,"assetsSize":517,"filteredAuxiliaryAssets":1,"auxiliaryAssetsSize":1640},"component---src-pages-404-js":{"name":"component---src-pages-404-js","assets":[{"name":"546641dfde76ed00139ea2c3eae09499c5f2164a-fb53f7b9ea17b76e1a20.js","size":164376},{"name":"component---src-pages-404-js-c7f3e4c06c1ef4b8d726.js","size":1574}],"filteredAssets":0,"assetsSize":165950,"filteredAuxiliaryAssets":22,"auxiliaryAssetsSize":1267049},"component---src-pages-archive-js":{"name":"component---src-pages-archive-js","assets":[{"name":"546641dfde76ed00139ea2c3eae09499c5f2164a-fb53f7b9ea17b76e1a20.js","size":164376},{"name":"component---src-pages-archive-js-a59c152149c442e49226.js","size":3800}],"filteredAssets":0,"assetsSize":168176,"filteredAuxiliaryAssets":22,"auxiliaryAssetsSize":1272991},"component---src-pages-index-js":{"name":"component---src-pages-index-js","assets":[{"name":"546641dfde76ed00139ea2c3eae09499c5f2164a-fb53f7b9ea17b76e1a20.js","size":164376},{"name":"component---src-pages-index-js-4267cd4a38710f08ec1e.js","size":647}],"filteredAssets":0,"assetsSize":165023,"filteredAuxiliaryAssets":22,"auxiliaryAssetsSize":1264936},"component---src-pages-pensieve-index-js":{"name":"component---src-pages-pensieve-index-js","assets":[{"name":"546641dfde76ed00139ea2c3eae09499c5f2164a-fb53f7b9ea17b76e1a20.js","size":164376},{"name":"component---src-pages-pensieve-index-js-e6ca6772e78dddc023c7.js","size":9218}],"filteredAssets":0,"assetsSize":173594,"filteredAuxiliaryAssets":22,"auxiliaryAssetsSize":1300083},"component---src-pages-pensieve-tags-js":{"name":"component---src-pages-pensieve-tags-js","assets":[{"name":"546641dfde76ed00139ea2c3eae09499c5f2164a-fb53f7b9ea17b76e1a20.js","size":164376},{"name":"component---src-pages-pensieve-tags-js-dc26405cc8c290881016.js","size":6791}],"filteredAssets":0,"assetsSize":171167,"filteredAuxiliaryAssets":22,"auxiliaryAssetsSize":1295787},"component---src-templates-post-js":{"name":"component---src-templates-post-js","assets":[{"name":"546641dfde76ed00139ea2c3eae09499c5f2164a-fb53f7b9ea17b76e1a20.js","size":164376},{"name":"component---src-templates-post-js-03a87ea9d4e1f02d7902.js","size":7382}],"filteredAssets":0,"assetsSize":171758,"filteredAuxiliaryAssets":22,"auxiliaryAssetsSize":1296711},"component---src-templates-tag-js":{"name":"component---src-templates-tag-js","assets":[{"name":"546641dfde76ed00139ea2c3eae09499c5f2164a-fb53f7b9ea17b76e1a20.js","size":164376},{"name":"component---src-templates-tag-js-7c5b50870d778bd73832.js","size":7348}],"filteredAssets":0,"assetsSize":171724,"filteredAuxiliaryAssets":22,"auxiliaryAssetsSize":1297740}},"assetsByChunkName":{"polyfill":["webpack-runtime-f6f4318e5d0fe929fcfe.js","polyfill-c3bb91c3041ca45e63fe.js"],"app":["webpack-runtime-f6f4318e5d0fe929fcfe.js","framework-37c6ab21b32a639475e9.js","app-dc68c59459c1e82f28cc.js"],"component---cache-caches-gatsby-plugin-offline-app-shell-js":["component---cache-caches-gatsby-plugin-offline-app-shell-js-f9a3c11f351201400749.js"],"component---src-pages-404-js":["546641dfde76ed00139ea2c3eae09499c5f2164a-fb53f7b9ea17b76e1a20.js","component---src-pages-404-js-c7f3e4c06c1ef4b8d726.js"],"component---src-pages-archive-js":["546641dfde76ed00139ea2c3eae09499c5f2164a-fb53f7b9ea17b76e1a20.js","component---src-pages-archive-js-a59c152149c442e49226.js"],"component---src-pages-index-js":["546641dfde76ed00139ea2c3eae09499c5f2164a-fb53f7b9ea17b76e1a20.js","component---src-pages-index-js-4267cd4a38710f08ec1e.js"],"component---src-pages-pensieve-index-js":["546641dfde76ed00139ea2c3eae09499c5f2164a-fb53f7b9ea17b76e1a20.js","component---src-pages-pensieve-index-js-e6ca6772e78dddc023c7.js"],"component---src-pages-pensieve-tags-js":["546641dfde76ed00139ea2c3eae09499c5f2164a-fb53f7b9ea17b76e1a20.js","component---src-pages-pensieve-tags-js-dc26405cc8c290881016.js"],"component---src-templates-post-js":["546641dfde76ed00139ea2c3eae09499c5f2164a-fb53f7b9ea17b76e1a20.js","component---src-templates-post-js-03a87ea9d4e1f02d7902.js"],"component---src-templates-tag-js":["546641dfde76ed00139ea2c3eae09499c5f2164a-fb53f7b9ea17b76e1a20.js","component---src-templates-tag-js-7c5b50870d778bd73832.js"]},"childAssetsByChunkName":{}}